app_link,app_name,categories,certificate,date,developer,download_link,dpi,md5_hash,name,os,package,sha1_certificate,sha1_hash,sha256_certificate,sha256_hash,size,version
https://www.apkmirror.com/apk/facebook-2/facebook/facebook-375-0-0-9-111-release/facebook-375-0-0-9-111-android-apk-download/,Facebook 375.0.0.9.111 beta (arm64-v8a) (560-640dpi) (Android 10+),Social,"CN=Facebook Corporation, OU=Facebook, O=Facebook Mobile, L=Palo Alto, ST=CA, C=US","
July 8, 2022 ","Meta Platforms, Inc.",https://www.apkmirror.com/apk/facebook-2/facebook/facebook-375-0-0-9-111-release/facebook-375-0-0-9-111-android-apk-download/download/?key=a536a38844a431b3409794cbfc3ba5dfdac97a84,"560, 640dpi ",52683287dec37d4c3e8f76381d9d704f,"com.facebook.katana_375.0.0.9.111-315012796_minAPI29(arm64-v8a)(560,640dpi)_apkmirror.com.apk","Min: Android 10 (Q, API 29)Target: Android 11 (API 30)",com.facebook.katana,8a3c4b262d721acd49a4bf97d5213199c86fa2b9,308b350e7c9f1313c4cbf20ed51ae7e61d51f377,e3f9e1e0cf99d0e56a055ba65e241b3399f7cea524326b0cdd6ec1327ed0fdc1,97052536d897a07228269bbe61fd8b629edcd1e24a42891ca096fd1f94539aaf,66.71 ,375.0.0.9.111 (315012796)
https://www.apkmirror.com/apk/facebook-2/facebook/facebook-374-0-0-8-109-release/facebook-374-0-0-8-109-6-android-apk-download/,Facebook 374.0.0.8.109 beta (arm-v7a) (213-240dpi) (Android 6.0+),Social,"CN=Facebook Corporation, OU=Facebook, O=Facebook Mobile, L=Palo Alto, ST=CA, C=US","
July 3, 2022 ","Meta Platforms, Inc.",https://www.apkmirror.com/apk/facebook-2/facebook/facebook-374-0-0-8-109-release/facebook-374-0-0-8-109-6-android-apk-download/download/?key=6b8bf153eab3e3cf399cd38be396f296f5127c87,"213, 240dpi ",4b20315e5f65e59a9f3ccfbb85683ff0,"com.facebook.katana_374.0.0.8.109-314811902_minAPI23(armeabi-v7a)(240,213dpi)_apkmirror.com.apk","Min: Android 6.0 (Marshmallow, API 23)Target: Android 11 (API 30)",com.facebook.katana,8a3c4b262d721acd49a4bf97d5213199c86fa2b9,48cf6fdc74c55d66ca7a7422ac81c8acd4d01dcd,e3f9e1e0cf99d0e56a055ba65e241b3399f7cea524326b0cdd6ec1327ed0fdc1,f501a5ac13c22e52a2964b67859a8d78054d2051a13b8edd620ddb9eed02bfb7,49.22 ,374.0.0.8.109 (314811902)
https://www.apkmirror.com/apk/facebook-2/facebook/facebook-375-0-0-2-111-release/facebook-375-0-0-2-111-2-android-apk-download/,Facebook 375.0.0.2.111 beta (arm64-v8a) (560-640dpi) (Android 10+),Social,"CN=Facebook Corporation, OU=Facebook, O=Facebook Mobile, L=Palo Alto, ST=CA, C=US","
July 8, 2022 ","Meta Platforms, Inc.",https://www.apkmirror.com/apk/facebook-2/facebook/facebook-375-0-0-2-111-release/facebook-375-0-0-2-111-2-android-apk-download/download/?key=6c15be5685209b97d0083f3e06f43080ae06ee33,"560, 640dpi ",24ebbc9c1cd086fb0d127d10ce03a5e9,"com.facebook.katana_375.0.0.2.111-315011886_minAPI29(arm64-v8a)(560,640dpi)_apkmirror.com.apk","Min: Android 10 (Q, API 29)Target: Android 11 (API 30)",com.facebook.katana,8a3c4b262d721acd49a4bf97d5213199c86fa2b9,1908a18280fd63e18232192a5874f2f1e565e2eb,e3f9e1e0cf99d0e56a055ba65e241b3399f7cea524326b0cdd6ec1327ed0fdc1,5621ce5da03e23d96d24184d421f4a945994b4b97aa96131bdf514f0eb3d71e3,66.73 ,375.0.0.2.111 (315011886)
https://www.apkmirror.com/apk/facebook-2/facebook/facebook-374-0-0-0-67-release/facebook-374-0-0-0-67-6-android-apk-download/,Facebook 374.0.0.0.67 alpha (arm-v7a) (213-240dpi) (Android 6.0+),Social,"CN=Facebook Corporation, OU=Facebook, O=Facebook Mobile, L=Palo Alto, ST=CA, C=US","
July 1, 2022 ","Meta Platforms, Inc.",https://www.apkmirror.com/apk/facebook-2/facebook/facebook-374-0-0-0-67-release/facebook-374-0-0-0-67-6-android-apk-download/download/?key=8f94085a60c70174126276d446156d98d86091a4,"213, 240dpi ",b19151f943a78b16897e189d8e1bef47,"com.facebook.katana_374.0.0.0.67-314807088_minAPI23(armeabi-v7a)(240,213dpi)_apkmirror.com.apk","Min: Android 6.0 (Marshmallow, API 23)Target: Android 12 (API 31)",com.facebook.katana,8a3c4b262d721acd49a4bf97d5213199c86fa2b9,315eb6b2b196a36f1792548a7f7b3242f7394157,e3f9e1e0cf99d0e56a055ba65e241b3399f7cea524326b0cdd6ec1327ed0fdc1,ff3b5ce08d2373786932db82b36521108941d57167f375b5b1d98e0bfdef88eb,49 ,374.0.0.0.67 (314807088)
https://www.apkmirror.com/apk/facebook-2/facebook/facebook-373-0-0-0-67-release/facebook-373-0-0-0-67-android-apk-download/,Facebook 373.0.0.0.67 alpha (arm-v7a) (560-640dpi) (Android 10+),Social,"CN=Facebook Corporation, OU=Facebook, O=Facebook Mobile, L=Palo Alto, ST=CA, C=US","
June 21, 2022 ","Meta Platforms, Inc.",https://www.apkmirror.com/apk/facebook-2/facebook/facebook-373-0-0-0-67-release/facebook-373-0-0-0-67-android-apk-download/download/?key=f8dd8152d644fc2d811315ca2716d9de3df98e0f,"560, 640dpi ",e7237f220b5575d3e7ae3787bae1bb39,"com.facebook.katana_373.0.0.0.67-314607031_minAPI29(armeabi-v7a)(640,560dpi)_apkmirror.com.apk","Min: Android 10 (Q, API 29)Target: Android 12 (API 31)",com.facebook.katana,8a3c4b262d721acd49a4bf97d5213199c86fa2b9,c469b6c4056030d4574a0436009790c1fd35dbe1,e3f9e1e0cf99d0e56a055ba65e241b3399f7cea524326b0cdd6ec1327ed0fdc1,f4e7efebef174c3bb58218aafcc6e26822f15205c3647dd546842593d3bab501,67.91 ,373.0.0.0.67 (314607031)
https://www.apkmirror.com/apk/facebook-2/facebook/facebook-373-0-0-12-112-release/facebook-373-0-0-12-112-2-android-apk-download/,Facebook 373.0.0.12.112 beta (arm64-v8a) (560-640dpi) (Android 10+),Social,"CN=Facebook Corporation, OU=Facebook, O=Facebook Mobile, L=Palo Alto, ST=CA, C=US","
 June 25, 2022 ","Meta Platforms, Inc.",https://www.apkmirror.com/apk/facebook-2/facebook/facebook-373-0-0-12-112-release/facebook-373-0-0-12-112-2-android-apk-download/download/?key=eb5f0b3fd865ffcad2908b8f7c72040784bd634f,"560, 640dpi ",34dc5e1fb4aaa14fc1e520f58e5420d6,"com.facebook.katana_373.0.0.12.112-314612508_minAPI29(arm64-v8a)(560,640dpi)_apkmirror.com.apk","Min: Android 10 (Q, API 29)Target: Android 11 (API 30)",com.facebook.katana,8a3c4b262d721acd49a4bf97d5213199c86fa2b9,135f902a33e6640368d1152ed663777da1b8296b,e3f9e1e0cf99d0e56a055ba65e241b3399f7cea524326b0cdd6ec1327ed0fdc1,d9d037eb9090aed616a39305b41910a4c9a5aba72cbe065db99b14d5822edf3b,66.71 ,373.0.0.12.112 (314612508)
https://www.apkmirror.com/apk/facebook-2/facebook/facebook-376-0-0-0-1-release/facebook-376-0-0-0-1-android-apk-download/,Facebook 376.0.0.0.1 alpha (arm-v7a) (280-320dpi) (Android 6.0+),Social,"CN=Facebook Corporation, OU=Facebook, O=Facebook Mobile, L=Palo Alto, ST=CA, C=US","
July 7, 2022 ","Meta Platforms, Inc.",https://www.apkmirror.com/apk/facebook-2/facebook/facebook-376-0-0-0-1-release/facebook-376-0-0-0-1-android-apk-download/download/?key=f42eef185f34d0ea915bd27cbcd162f2259b1f4c,"280, 320dpi ",6ed85aeb80d3e26b2d562039b2cbd4b1,"com.facebook.katana_376.0.0.0.1-315200134_minAPI23(armeabi-v7a)(280,320dpi)_apkmirror.com.apk","Min: Android 6.0 (Marshmallow, API 23)Target: Android 11 (API 30)",com.facebook.katana,8a3c4b262d721acd49a4bf97d5213199c86fa2b9,355e5fd74a5132ed036112cbc2421754ce9069cc,e3f9e1e0cf99d0e56a055ba65e241b3399f7cea524326b0cdd6ec1327ed0fdc1,01eaeec51bd1e6edd9e1183078fc9a8aec6a24e50068d6a2dbdceb1807caa5ed,49.38 ,376.0.0.0.1 (315200134)
https://www.apkmirror.com/apk/facebook-2/facebook/facebook-373-0-0-0-33-release/facebook-373-0-0-0-33-android-apk-download/,Facebook 373.0.0.0.33 alpha (arm-v7a) (560-640dpi) (Android 10+),Social,"CN=Facebook Corporation, OU=Facebook, O=Facebook Mobile, L=Palo Alto, ST=CA, C=US","
June 18, 2022 ","Meta Platforms, Inc.",https://www.apkmirror.com/apk/facebook-2/facebook/facebook-373-0-0-0-33-release/facebook-373-0-0-0-33-android-apk-download/download/?key=9826500ec8e197a582bc503ae5d69bef23eb61c0,"560, 640dpi ",f20332d862f6f75da3a591222e552eec,"com.facebook.katana_373.0.0.0.33-314603500_minAPI29(armeabi-v7a)(560,640dpi)_apkmirror.com.apk","Min: Android 10 (Q, API 29)Target: Android 12 (API 31)",com.facebook.katana,8a3c4b262d721acd49a4bf97d5213199c86fa2b9,29adf296df13db3e28c070cf3bde5884575d84c4,e3f9e1e0cf99d0e56a055ba65e241b3399f7cea524326b0cdd6ec1327ed0fdc1,d48f3de7b37be4dfecb24d2a21fbc1d3cf74200d491fe05a4ec991546fc05365,67.89 ,373.0.0.0.33 (314603500)
https://www.apkmirror.com/apk/facebook-2/facebook/facebook-371-0-0-24-109-release/facebook-371-0-0-24-109-13-android-apk-download/,Facebook 371.0.0.24.109 (arm-v7a) (360-480dpi) (Android 6.0+),Social,"CN=Facebook Corporation, OU=Facebook, O=Facebook Mobile, L=Palo Alto, ST=CA, C=US","
June 16, 2022 ","Meta Platforms, Inc.",https://www.apkmirror.com/apk/facebook-2/facebook/facebook-371-0-0-24-109-release/facebook-371-0-0-24-109-13-android-apk-download/download/?key=cc39be1d0d85a46bf2356ca25148afdaa92c1586,"360, 400, 420, 480dpi ",ae9769d3c9a58f0b1b94399ff0856b55,"com.facebook.katana_371.0.0.24.109-314214359_minAPI23(armeabi-v7a)(360,480,420,400dpi)_apkmirror.com.apk","Min: Android 6.0 (Marshmallow, API 23)Target: Android 11 (API 30)",com.facebook.katana,8a3c4b262d721acd49a4bf97d5213199c86fa2b9,1e4f24ab78761b6ced82987929f2cf15215b1caf,e3f9e1e0cf99d0e56a055ba65e241b3399f7cea524326b0cdd6ec1327ed0fdc1,6183b228c67b909d364ea3d3773cbe4f2576690ede6ff1fbee8fca734577e305,49.9 ,371.0.0.24.109 (314214359)
https://www.apkmirror.com/apk/facebook-2/facebook/facebook-372-1-0-23-107-release/facebook-372-1-0-23-107-3-android-apk-download/,Facebook 372.1.0.23.107 (arm-v7a) (360-480dpi) (Android 6.0+),Social,"CN=Facebook Corporation, OU=Facebook, O=Facebook Mobile, L=Palo Alto, ST=CA, C=US","
June 24, 2022 ","Meta Platforms, Inc.",https://www.apkmirror.com/apk/facebook-2/facebook/facebook-372-1-0-23-107-release/facebook-372-1-0-23-107-3-android-apk-download/download/?key=a2df6d2ea9cb8c9850b628153573c1d4992e4a42,"360, 400, 420, 480dpi ",ec948365f4680812690abc81be5d2221,"com.facebook.katana_372.1.0.23.107-314414740_minAPI23(armeabi-v7a)(400,480,360,420dpi)_apkmirror.com.apk","Min: Android 6.0 (Marshmallow, API 23)Target: Android 11 (API 30)",com.facebook.katana,8a3c4b262d721acd49a4bf97d5213199c86fa2b9,52557b04941a841b8d34cb7ce86300543add01c5,e3f9e1e0cf99d0e56a055ba65e241b3399f7cea524326b0cdd6ec1327ed0fdc1,35fcaa6cd53e84e258497a05dec213ec4371b329f85e0879b6ae50d10467f9cb,49.9 ,372.1.0.23.107 (314414740)
https://www.apkmirror.com/apk/facebook-2/facebook/facebook-372-0-0-11-107-release/facebook-372-0-0-11-107-android-apk-download/,Facebook 372.0.0.11.107 beta (arm64-v8a) (560-640dpi) (Android 10+),Social,"CN=Facebook Corporation, OU=Facebook, O=Facebook Mobile, L=Palo Alto, ST=CA, C=US","
June 18, 2022 ","Meta Platforms, Inc.",https://www.apkmirror.com/apk/facebook-2/facebook/facebook-372-0-0-11-107-release/facebook-372-0-0-11-107-android-apk-download/download/?key=eed099de69fbdaa674923050fed161670d3b5ef5,"560, 640dpi ",eb0eb3a00a33784a136a92c8293c8c53,"com.facebook.katana_372.0.0.11.107-314413139_minAPI29(arm64-v8a)(560,640dpi)_apkmirror.com.apk","Min: Android 10 (Q, API 29)Target: Android 11 (API 30)",com.facebook.katana,8a3c4b262d721acd49a4bf97d5213199c86fa2b9,79e8ff9fede0829efaa4073b03a315bb8fda639f,e3f9e1e0cf99d0e56a055ba65e241b3399f7cea524326b0cdd6ec1327ed0fdc1,a7933ca03fbdf08fa3b44c60400703fa70a62af57cbd86a482f9a75bcfad943b,67.39 ,372.0.0.11.107 (314413139)
https://www.apkmirror.com/apk/facebook-2/facebook/facebook-372-0-0-7-107-release/facebook-372-0-0-7-107-android-apk-download/,Facebook 372.0.0.7.107 beta (arm64-v8a) (560-640dpi) (Android 10+),Social,"CN=Facebook Corporation, OU=Facebook, O=Facebook Mobile, L=Palo Alto, ST=CA, C=US","
June 17, 2022 ","Meta Platforms, Inc.",https://www.apkmirror.com/apk/facebook-2/facebook/facebook-372-0-0-7-107-release/facebook-372-0-0-7-107-android-apk-download/download/?key=3af66d575cd1a7475dd07970ce6a95a019ff551e,"560, 640dpi ",9c3a478005c8d7e59930dc7f88921660,"com.facebook.katana_372.0.0.7.107-314412619_minAPI29(arm64-v8a)(560,640dpi)_apkmirror.com.apk","Min: Android 10 (Q, API 29)Target: Android 11 (API 30)",com.facebook.katana,8a3c4b262d721acd49a4bf97d5213199c86fa2b9,7fa81dac6291959be8a3c8d0d3024ff56983a5d2,e3f9e1e0cf99d0e56a055ba65e241b3399f7cea524326b0cdd6ec1327ed0fdc1,634d9901de6ee0a36415f5c67620f8900dfe523dfa295c709175812ece963f3e,67.36 ,372.0.0.7.107 (314412619)
https://www.apkmirror.com/apk/facebook-2/facebook/facebook-373-0-0-31-112-release/facebook-373-0-0-31-112-3-android-apk-download/,Facebook 373.0.0.31.112 (arm-v7a) (360-480dpi) (Android 6.0+),Social,"CN=Facebook Corporation, OU=Facebook, O=Facebook Mobile, L=Palo Alto, ST=CA, C=US","
July 1, 2022 ","Meta Platforms, Inc.",https://www.apkmirror.com/apk/facebook-2/facebook/facebook-373-0-0-31-112-release/facebook-373-0-0-31-112-3-android-apk-download/download/?key=febc379b89841453a81d5236d76d7b152c89ee0a,"360, 400, 420, 480dpi ",e91d07e701b0b3ce4666f06c126e0938,"com.facebook.katana_373.0.0.31.112-314614855_minAPI23(armeabi-v7a)(400,420,360,480dpi)_apkmirror.com.apk","Min: Android 6.0 (Marshmallow, API 23)Target: Android 11 (API 30)",com.facebook.katana,8a3c4b262d721acd49a4bf97d5213199c86fa2b9,729ed2568bcba1fdb4ae597eabbd667366359e6d,e3f9e1e0cf99d0e56a055ba65e241b3399f7cea524326b0cdd6ec1327ed0fdc1,8dd5c79179abbb8b856cfdcc640df4d3800d4591952fd85017caca5633f8f7f4,49.58 ,373.0.0.31.112 (314614855)
https://www.apkmirror.com/apk/facebook-2/facebook/facebook-375-0-0-0-100-release/facebook-375-0-0-0-100-android-apk-download/,Facebook 375.0.0.0.100 alpha (arm-v7a) (560-640dpi) (Android 10+),Social,"CN=Facebook Corporation, OU=Facebook, O=Facebook Mobile, L=Palo Alto, ST=CA, C=US","
July 6, 2022 ","Meta Platforms, Inc.",https://www.apkmirror.com/apk/facebook-2/facebook/facebook-375-0-0-0-100-release/facebook-375-0-0-0-100-android-apk-download/download/?key=e8400c59b977cfaea6cb8ab33e18b9c1a511dc8c,"560, 640dpi ",36e6a6432d4a56eade200642ecb06513,"com.facebook.katana_375.0.0.0.100-315010418_minAPI29(armeabi-v7a)(640,560dpi)_apkmirror.com.apk","Min: Android 10 (Q, API 29)Target: Android 12 (API 31)",com.facebook.katana,8a3c4b262d721acd49a4bf97d5213199c86fa2b9,eb08e036ff530d21e7b29b0f027481ce09272158,e3f9e1e0cf99d0e56a055ba65e241b3399f7cea524326b0cdd6ec1327ed0fdc1,490599be8c110222ac7568bdf2a1e3369171335f1a6507970b22937f37c6a159,67.75 ,375.0.0.0.100 (315010418)
https://www.apkmirror.com/apk/facebook-2/facebook/facebook-372-0-0-0-79-release/facebook-372-0-0-0-79-7-android-apk-download/,Facebook 372.0.0.0.79 alpha (arm-v7a) (213-240dpi) (Android 6.0+),Social,"CN=Facebook Corporation, OU=Facebook, O=Facebook Mobile, L=Palo Alto, ST=CA, C=US","
June 15, 2022 ","Meta Platforms, Inc.",https://www.apkmirror.com/apk/facebook-2/facebook/facebook-372-0-0-0-79-release/facebook-372-0-0-0-79-7-android-apk-download/download/?key=3071f049bc043ec2f36c6b13ef5a183fbda0914a,"213, 240dpi ",5412866aeddd2635da055e57f73be56b,"com.facebook.katana_372.0.0.0.79-314408669_minAPI23(armeabi-v7a)(240,213dpi)_apkmirror.com.apk","Min: Android 6.0 (Marshmallow, API 23)Target: Android 12 (API 31)",com.facebook.katana,8a3c4b262d721acd49a4bf97d5213199c86fa2b9,8088cea1a004e2d3d412eb81ad910d68d3b520e4,e3f9e1e0cf99d0e56a055ba65e241b3399f7cea524326b0cdd6ec1327ed0fdc1,bc2f6c6bdf885bfd278afd64b76075bc4f8a13a16de279b110d41aa51e08c04b,49.11 ,372.0.0.0.79 (314408669)
https://www.apkmirror.com/apk/facebook-2/facebook/facebook-370-0-0-23-112-release/facebook-370-0-0-23-112-11-android-apk-download/,Facebook 370.0.0.23.112 (arm-v7a) (360-480dpi) (Android 6.0+),Social,"CN=Facebook Corporation, OU=Facebook, O=Facebook Mobile, L=Palo Alto, ST=CA, C=US","
June 10, 2022 ","Meta Platforms, Inc.",https://www.apkmirror.com/apk/facebook-2/facebook/facebook-370-0-0-23-112-release/facebook-370-0-0-23-112-11-android-apk-download/download/?key=54120f650e91faf9bf16ccd3b63ef31842fff12b,"360, 400, 420, 480dpi ",499c27bd699530f4ba3edc67678063b1,"com.facebook.katana_370.0.0.23.112-314014267_minAPI23(armeabi-v7a)(420,480,360,400dpi)_apkmirror.com.apk","Min: Android 6.0 (Marshmallow, API 23)Target: Android 11 (API 30)",com.facebook.katana,8a3c4b262d721acd49a4bf97d5213199c86fa2b9,c55a7ebdd2c77b1a534bc9ba41159c06543a05c1,e3f9e1e0cf99d0e56a055ba65e241b3399f7cea524326b0cdd6ec1327ed0fdc1,bc8a2565333e2fdafa065685e6a5f6fb35bfadbf35e69d282471b36990715f64,49.58 ,370.0.0.23.112 (314014267)
https://www.apkmirror.com/apk/facebook-2/facebook/facebook-373-0-0-0-17-release/facebook-373-0-0-0-17-7-android-apk-download/,Facebook 373.0.0.0.17 alpha (arm-v7a) (213-240dpi) (Android 6.0+),Social,"CN=Facebook Corporation, OU=Facebook, O=Facebook Mobile, L=Palo Alto, ST=CA, C=US","
June 18, 2022 ","Meta Platforms, Inc.",https://www.apkmirror.com/apk/facebook-2/facebook/facebook-373-0-0-0-17-release/facebook-373-0-0-0-17-7-android-apk-download/download/?key=f1997f8af559dee98e64b6d0c10e79d30d9718ce,"213, 240dpi ",f58f2eb0480ffb7ec4dd3ed8b101dca5,"com.facebook.katana_373.0.0.0.17-314601989_minAPI23(armeabi-v7a)(213,240dpi)_apkmirror.com.apk","Min: Android 6.0 (Marshmallow, API 23)Target: Android 12 (API 31)",com.facebook.katana,8a3c4b262d721acd49a4bf97d5213199c86fa2b9,4f6df5c2812a5739708e1627234f738bc64c7216,e3f9e1e0cf99d0e56a055ba65e241b3399f7cea524326b0cdd6ec1327ed0fdc1,ac2891fd8f1b79266328d062e3dc4bfc5d7eab42c825b3c7600eb411dd329bc0,48.96 ,373.0.0.0.17 (314601989)
https://www.apkmirror.com/apk/facebook-2/facebook/facebook-372-0-0-0-88-release/facebook-372-0-0-0-88-android-apk-download/,Facebook 372.0.0.0.88 alpha (arm64-v8a) (560-640dpi) (Android 10+),Social,"CN=Facebook Corporation, OU=Facebook, O=Facebook Mobile, L=Palo Alto, ST=CA, C=US","
June 15, 2022 ","Meta Platforms, Inc.",https://www.apkmirror.com/apk/facebook-2/facebook/facebook-372-0-0-0-88-release/facebook-372-0-0-0-88-android-apk-download/download/?key=59ffd2cd7ce28014706049059d64bbef0ce0e9d7,"560, 640dpi ",e727dbc1b41a4dba72413968eb252e4b,"com.facebook.katana_372.0.0.0.88-314409651_minAPI29(arm64-v8a)(560,640dpi)_apkmirror.com.apk","Min: Android 10 (Q, API 29)Target: Android 12 (API 31)",com.facebook.katana,8a3c4b262d721acd49a4bf97d5213199c86fa2b9,84bafd88f246fc8aee3e21f9ddcca0e3a18a8ab6,e3f9e1e0cf99d0e56a055ba65e241b3399f7cea524326b0cdd6ec1327ed0fdc1,ee284a7100058f1b1c9542787c03b84646d9ed46d2f9d3c06a79d76af8b82e39,67.14 ,372.0.0.0.88 (314409651)
https://www.apkmirror.com/apk/facebook-2/facebook/facebook-374-0-0-20-109-release/facebook-374-0-0-20-109-10-android-apk-download/,Facebook 374.0.0.20.109 (arm-v7a) (360-480dpi) (Android 6.0+),Social,"CN=Facebook Corporation, OU=Facebook, O=Facebook Mobile, L=Palo Alto, ST=CA, C=US","
July 8, 2022 ","Meta Platforms, Inc.",https://www.apkmirror.com/apk/facebook-2/facebook/facebook-374-0-0-20-109-release/facebook-374-0-0-20-109-10-android-apk-download/download/?key=f203c41cb44890b80c4ba486f63bc92a5f24696d,"360, 400, 420, 480dpi ",20ea5aef82de907cb9c0ba7c57d5c19d,"com.facebook.katana_374.0.0.20.109-314813365_minAPI23(armeabi-v7a)(360,420,480,400dpi)_apkmirror.com.apk","Min: Android 6.0 (Marshmallow, API 23)Target: Android 11 (API 30)",com.facebook.katana,8a3c4b262d721acd49a4bf97d5213199c86fa2b9,7bf374ddfb1bb322407aeebc8f6132908ccc573a,e3f9e1e0cf99d0e56a055ba65e241b3399f7cea524326b0cdd6ec1327ed0fdc1,417b2989ad3b11bb06e3204c59aca1b73e5f65606e4864e3866cc2bd1436fb5d,49.82 ,374.0.0.20.109 (314813365)
https://www.apkmirror.com/apk/facebook-2/facebook/facebook-374-0-0-0-65-release/facebook-374-0-0-0-65-android-apk-download/,Facebook 374.0.0.0.65 alpha (arm64-v8a) (213-240dpi) (Android 10+),Social,"CN=Facebook Corporation, OU=Facebook, O=Facebook Mobile, L=Palo Alto, ST=CA, C=US","
June 27, 2022 ","Meta Platforms, Inc.",https://www.apkmirror.com/apk/facebook-2/facebook/facebook-374-0-0-0-65-release/facebook-374-0-0-0-65-android-apk-download/download/?key=db3ece7b7cea109a5c59db12e2fbe51921a75bc3,"213, 240dpi ",e80138a1155a677f175c62dcb7111951,"com.facebook.katana_374.0.0.0.65-314806890_minAPI29(arm64-v8a)(240,213dpi)_apkmirror.com.apk","Min: Android 10 (Q, API 29)Target: Android 12 (API 31)",com.facebook.katana,8a3c4b262d721acd49a4bf97d5213199c86fa2b9,89373cfbeb0112788b7814ca40a694e545b815a3,e3f9e1e0cf99d0e56a055ba65e241b3399f7cea524326b0cdd6ec1327ed0fdc1,0bdddd196c70d89bf7692e2630b311702a984d0b7c8fd6c93855ef9f33ccfa3f,65.68 ,374.0.0.0.65 (314806890)
https://www.apkmirror.com/apk/facebook-2/facebook/facebook-374-0-0-18-109-release/facebook-374-0-0-18-109-android-apk-download/,Facebook 374.0.0.18.109 beta (arm-v7a) (280-320dpi) (Android 6.0+),Social,"CN=Facebook Corporation, OU=Facebook, O=Facebook Mobile, L=Palo Alto, ST=CA, C=US","
July 6, 2022 ","Meta Platforms, Inc.",https://www.apkmirror.com/apk/facebook-2/facebook/facebook-374-0-0-18-109-release/facebook-374-0-0-18-109-android-apk-download/download/?key=d4358fafcc47461eea9409e6ae7e0019613ee99f,"280, 320dpi ",2c15d486334fcf15478d6ea7a6a8d2eb,"com.facebook.katana_374.0.0.18.109-314813204_minAPI23(armeabi-v7a)(320,280dpi)_apkmirror.com.apk","Min: Android 6.0 (Marshmallow, API 23)Target: Android 11 (API 30)",com.facebook.katana,8a3c4b262d721acd49a4bf97d5213199c86fa2b9,eade0d60b3884bea654daf04da6b2e255ad7ba55,e3f9e1e0cf99d0e56a055ba65e241b3399f7cea524326b0cdd6ec1327ed0fdc1,2760f605b2299661045702a8486d137a567775da5012f024466402640af7a4c2,49.38 ,374.0.0.18.109 (314813204)
https://www.apkmirror.com/apk/facebook-2/facebook/facebook-372-0-0-1-107-release/facebook-372-0-0-1-107-android-apk-download/,Facebook 372.0.0.1.107 beta (arm64-v8a) (560-640dpi) (Android 10+),Social,"CN=Facebook Corporation, OU=Facebook, O=Facebook Mobile, L=Palo Alto, ST=CA, C=US","
June 17, 2022 ","Meta Platforms, Inc.",https://www.apkmirror.com/apk/facebook-2/facebook/facebook-372-0-0-1-107-release/facebook-372-0-0-1-107-android-apk-download/download/?key=f0f991ceb12341883f3d7233471f69005e845cdb,"560, 640dpi ",9ac6df5941920dd9ab2ac5cdc5cb3b69,"com.facebook.katana_372.0.0.1.107-314411839_minAPI29(arm64-v8a)(640,560dpi)_apkmirror.com.apk","Min: Android 10 (Q, API 29)Target: Android 11 (API 30)",com.facebook.katana,8a3c4b262d721acd49a4bf97d5213199c86fa2b9,f02196b19c94957bf0b698e780a6f02b100b6770,e3f9e1e0cf99d0e56a055ba65e241b3399f7cea524326b0cdd6ec1327ed0fdc1,3acff93850dd3da94d7869cddfe0242d41ad0422e291006f480e05f0ad8e1646,68.94 ,372.0.0.1.107 (314411839)
https://www.apkmirror.com/apk/facebook-2/facebook/facebook-369-0-0-0-2-release/facebook-369-0-0-0-2-3-android-apk-download/,Facebook 369.0.0.0.2 alpha (arm64-v8a) (213-240dpi) (Android 10+),Social,"CN=Facebook Corporation, OU=Facebook, O=Facebook Mobile, L=Palo Alto, ST=CA, C=US","
May 20, 2022 ","Meta Platforms, Inc.",https://www.apkmirror.com/apk/facebook-2/facebook/facebook-369-0-0-0-2-release/facebook-369-0-0-0-2-3-android-apk-download/download/?key=78059a350b033ef2c36b6bf273e307aba2796cbb,"213, 240dpi ",14ecedf5d757f454720187ec29ea0db0,"com.facebook.katana_369.0.0.0.2-313800300_minAPI29(arm64-v8a)(240,213dpi)_apkmirror.com.apk","Min: Android 10 (Q, API 29)Target: Android 11 (API 30)",com.facebook.katana,8a3c4b262d721acd49a4bf97d5213199c86fa2b9,4879deb8f632fb06887f90b8f4f238e178c588f1,e3f9e1e0cf99d0e56a055ba65e241b3399f7cea524326b0cdd6ec1327ed0fdc1,a02c282e8277b18bab69aae0c8c403c59f9329152b8fb6a1c341ca536301a896,81.86 ,369.0.0.0.2 (313800300)
https://www.apkmirror.com/apk/facebook-2/facebook/facebook-369-0-0-0-26-release/facebook-369-0-0-0-26-2-android-apk-download/,Facebook 369.0.0.0.26 alpha (arm-v7a) (560-640dpi) (Android 10+),Social,"CN=Facebook Corporation, OU=Facebook, O=Facebook Mobile, L=Palo Alto, ST=CA, C=US","
May 23, 2022 ","Meta Platforms, Inc.",https://www.apkmirror.com/apk/facebook-2/facebook/facebook-369-0-0-0-26-release/facebook-369-0-0-0-26-2-android-apk-download/download/?key=8f6b87f3ceb498251b0b183c1a9d26f636562c51,"560, 640dpi ",31fe756ae3e8fc077b7f33d4ec256a22,"com.facebook.katana_369.0.0.0.26-313802438_minAPI29(armeabi-v7a)(640,560dpi)_apkmirror.com.apk","Min: Android 10 (Q, API 29)Target: Android 11 (API 30)",com.facebook.katana,8a3c4b262d721acd49a4bf97d5213199c86fa2b9,1135464a8171a6615a7c2bced3ed90c6691b3a21,e3f9e1e0cf99d0e56a055ba65e241b3399f7cea524326b0cdd6ec1327ed0fdc1,a6b76eb27e90edb93f3b1edbaa373423bab40c1caff4590c8b5a6052d04d80f4,67.91 ,369.0.0.0.26 (313802438)
https://www.apkmirror.com/apk/facebook-2/facebook/facebook-366-0-0-13-113-release/facebook-366-0-0-13-113-2-android-apk-download/,Facebook 366.0.0.13.113 beta (arm64-v8a) (560-640dpi) (Android 10+),Social,"CN=Facebook Corporation, OU=Facebook, O=Facebook Mobile, L=Palo Alto, ST=CA, C=US","
May 9, 2022 ","Meta Platforms, Inc.",https://www.apkmirror.com/apk/facebook-2/facebook/facebook-366-0-0-13-113-release/facebook-366-0-0-13-113-2-android-apk-download/download/?key=df045e7d4424e4637b80403dc46c6d46f00e5cd2,"560, 640dpi ",d74bc23aee69d18748ee8d01066e30cd,"com.facebook.katana_366.0.0.13.113-313213146_minAPI29(arm64-v8a)(640,560dpi)_apkmirror.com.apk","Min: Android 10 (Q, API 29)Target: Android 11 (API 30)",com.facebook.katana,8a3c4b262d721acd49a4bf97d5213199c86fa2b9,c2dd330680f7d179fca9f200779cc82752737158,e3f9e1e0cf99d0e56a055ba65e241b3399f7cea524326b0cdd6ec1327ed0fdc1,5b5f5af9ac42d07a0450910cfe87a76d86fe2673e5ec60e7b839e342498384f9,66.17 ,366.0.0.13.113 (313213146)
https://www.apkmirror.com/apk/facebook-2/facebook/facebook-366-0-0-19-113-release/facebook-366-0-0-19-113-2-android-apk-download/,Facebook 366.0.0.19.113 (arm-v7a) (360-480dpi) (Android 6.0+),Social,"CN=Facebook Corporation, OU=Facebook, O=Facebook Mobile, L=Palo Alto, ST=CA, C=US","
May 10, 2022 ","Meta Platforms, Inc.",https://www.apkmirror.com/apk/facebook-2/facebook/facebook-366-0-0-19-113-release/facebook-366-0-0-19-113-2-android-apk-download/download/?key=915a6de7d1df0771537e10cd44e1aa2dea914429,"360, 400, 420, 480dpi ",267a81be2f5951ed26db6d2d0c6f8f8c,"com.facebook.katana_366.0.0.19.113-313213937_minAPI23(armeabi-v7a)(400,420,360,480dpi)_apkmirror.com.apk","Min: Android 6.0 (Marshmallow, API 23)Target: Android 11 (API 30)",com.facebook.katana,8a3c4b262d721acd49a4bf97d5213199c86fa2b9,16e6dab185753e8c65d5704df423dcbafd67dd56,e3f9e1e0cf99d0e56a055ba65e241b3399f7cea524326b0cdd6ec1327ed0fdc1,1a3b02c5c56715f73dda320187b9e940a0e08010fb1a204527528dd6d59de5de,50.31 ,366.0.0.19.113 (313213937)
https://www.apkmirror.com/apk/facebook-2/facebook/facebook-368-0-0-0-3-release/facebook-368-0-0-0-3-2-android-apk-download/,Facebook 368.0.0.0.3 alpha (arm64-v8a) (560-640dpi) (Android 10+),Social,"CN=Facebook Corporation, OU=Facebook, O=Facebook Mobile, L=Palo Alto, ST=CA, C=US","
May 13, 2022 ","Meta Platforms, Inc.",https://www.apkmirror.com/apk/facebook-2/facebook/facebook-368-0-0-0-3-release/facebook-368-0-0-0-3-2-android-apk-download/download/?key=dac1f9f938ea4f0e43f6528debbb3871a20b99da,"560, 640dpi ",494ec39abcc7e158f39e9f14ea298510,"com.facebook.katana_368.0.0.0.3-313600405_minAPI29(arm64-v8a)(640,560dpi)_apkmirror.com.apk","Min: Android 10 (Q, API 29)Target: Android 11 (API 30)",com.facebook.katana,8a3c4b262d721acd49a4bf97d5213199c86fa2b9,c6537fefe2e298fc679657aa26c672c9728d305a,e3f9e1e0cf99d0e56a055ba65e241b3399f7cea524326b0cdd6ec1327ed0fdc1,343b0424f6497cc90c362b9ed4b717a919247baf95c796666146d6ca656c2ac1,67.24 ,368.0.0.0.3 (313600405)
https://www.apkmirror.com/apk/facebook-2/facebook/facebook-367-0-0-0-65-release/facebook-367-0-0-0-65-android-apk-download/,Facebook 367.0.0.0.65 alpha (arm-v7a) (560-640dpi) (Android 10+),Social,"CN=Facebook Corporation, OU=Facebook, O=Facebook Mobile, L=Palo Alto, ST=CA, C=US","
May 9, 2022 ","Meta Platforms, Inc.",https://www.apkmirror.com/apk/facebook-2/facebook/facebook-367-0-0-0-65-release/facebook-367-0-0-0-65-android-apk-download/download/?key=efa05ca5b42ed459198b997cea1ed740003d338a,"560, 640dpi ",8b8293e8b52e08c585fc5679cf10d080,"com.facebook.katana_367.0.0.0.65-313406363_minAPI29(armeabi-v7a)(560,640dpi)_apkmirror.com.apk","Min: Android 10 (Q, API 29)Target: Android 11 (API 30)",com.facebook.katana,8a3c4b262d721acd49a4bf97d5213199c86fa2b9,7f7185e759286f40b9536e0daf6c103f2a81a845,e3f9e1e0cf99d0e56a055ba65e241b3399f7cea524326b0cdd6ec1327ed0fdc1,484152ce639eda721e31eb8c41ffea33fcbaedfe7f8e4d7801cf2aa2c4a26fac,67.55 ,367.0.0.0.65 (313406363)
https://www.apkmirror.com/apk/facebook-2/facebook/facebook-366-0-0-0-42-release/facebook-366-0-0-0-42-3-android-apk-download/,Facebook 366.0.0.0.42 alpha (arm64-v8a) (213-240dpi) (Android 10+),Social,"CN=Facebook Corporation, OU=Facebook, O=Facebook Mobile, L=Palo Alto, ST=CA, C=US","
May 1, 2022 ","Meta Platforms, Inc.",https://www.apkmirror.com/apk/facebook-2/facebook/facebook-366-0-0-0-42-release/facebook-366-0-0-0-42-3-android-apk-download/download/?key=75ee33969835be1785c2a2a8f2777f7d88fcbd9e,"213, 240dpi ",49f1c6c323af546673f49bdef4ebd073,"com.facebook.katana_366.0.0.0.42-313204455_minAPI29(arm64-v8a)(240,213dpi)_apkmirror.com.apk","Min: Android 10 (Q, API 29)Target: Android 11 (API 30)",com.facebook.katana,8a3c4b262d721acd49a4bf97d5213199c86fa2b9,7e9e976941e775e41a92fd8ecc253967780ce617,e3f9e1e0cf99d0e56a055ba65e241b3399f7cea524326b0cdd6ec1327ed0fdc1,32e0da701976292946a7a46703e2e8f2b304a22d39ed94f3bac1fb5327ef5c3b,65.25 ,366.0.0.0.42 (313204455)
https://www.apkmirror.com/apk/facebook-2/facebook/facebook-365-0-0-30-112-release/facebook-365-0-0-30-112-6-android-apk-download/,Facebook 365.0.0.30.112 (arm-v7a) (560-640dpi) (Android 6.0+),Social,"CN=Facebook Corporation, OU=Facebook, O=Facebook Mobile, L=Palo Alto, ST=CA, C=US","
May 7, 2022 ","Meta Platforms, Inc.",https://www.apkmirror.com/apk/facebook-2/facebook/facebook-365-0-0-30-112-release/facebook-365-0-0-30-112-6-android-apk-download/download/?key=537fb3dcb3c11f79285d730035485439a2cdd320,"560, 640dpi ",d1382a8a738b2b17b0aafcd6a3586dc1,"com.facebook.katana_365.0.0.30.112-313015195_minAPI23(armeabi-v7a)(640,560dpi)_apkmirror.com.apk","Min: Android 6.0 (Marshmallow, API 23)Target: Android 11 (API 30)",com.facebook.katana,8a3c4b262d721acd49a4bf97d5213199c86fa2b9,95340769ef1729cca84ff5ed659e47776bb64f3b,e3f9e1e0cf99d0e56a055ba65e241b3399f7cea524326b0cdd6ec1327ed0fdc1,c03dabecb11947bf08cf5234935aa772d33947ebdc6938fc7312a2cad83b5c4f,50.28 ,365.0.0.30.112 (313015195)
https://www.apkmirror.com/apk/facebook-2/facebook/facebook-367-0-0-24-107-release/facebook-367-0-0-24-107-9-android-apk-download/,Facebook 367.0.0.24.107 (arm-v7a) (360-480dpi) (Android 6.0+),Social,"CN=Facebook Corporation, OU=Facebook, O=Facebook Mobile, L=Palo Alto, ST=CA, C=US","
May 19, 2022 ","Meta Platforms, Inc.",https://www.apkmirror.com/apk/facebook-2/facebook/facebook-367-0-0-24-107-release/facebook-367-0-0-24-107-9-android-apk-download/download/?key=0e34e79c81ffadd5fdc1dc0c2072827695bdc09e,"360, 400, 420, 480dpi ",75b31ffbc45020d1b820d9efc340d92a,"com.facebook.katana_367.0.0.24.107-313412888_minAPI23(armeabi-v7a)(400,420,360,480dpi)_apkmirror.com.apk","Min: Android 6.0 (Marshmallow, API 23)Target: Android 11 (API 30)",com.facebook.katana,8a3c4b262d721acd49a4bf97d5213199c86fa2b9,0bad81f9e70c2635e5b03ea171d78c87649db96d,e3f9e1e0cf99d0e56a055ba65e241b3399f7cea524326b0cdd6ec1327ed0fdc1,960cdf340ffe20b74cd6a7f1c29c5b4b0b8d0d919964e0f0195f370607fa6956,50.43 ,367.0.0.24.107 (313412888)
https://www.apkmirror.com/apk/facebook-2/facebook/facebook-368-0-0-0-14-release/facebook-368-0-0-0-14-5-android-apk-download/,Facebook 368.0.0.0.14 alpha (arm-v7a) (280-320dpi) (Android 6.0+),Social,"CN=Facebook Corporation, OU=Facebook, O=Facebook Mobile, L=Palo Alto, ST=CA, C=US","
May 18, 2022 ","Meta Platforms, Inc.",https://www.apkmirror.com/apk/facebook-2/facebook/facebook-368-0-0-0-14-release/facebook-368-0-0-0-14-5-android-apk-download/download/?key=34911644df99993ca5ee543b7e49479e793929d7,"280, 320dpi ",1b24286e608165fbe46d7f7cc6d43f85,"com.facebook.katana_368.0.0.0.14-313601251_minAPI23(armeabi-v7a)(320,280dpi)_apkmirror.com.apk","Min: Android 6.0 (Marshmallow, API 23)Target: Android 11 (API 30)",com.facebook.katana,8a3c4b262d721acd49a4bf97d5213199c86fa2b9,74c51968d8055440fd7b0bff761bccc5e81eee0e,e3f9e1e0cf99d0e56a055ba65e241b3399f7cea524326b0cdd6ec1327ed0fdc1,e640abbfc94b2604de7bedae5e6de00c25d6907863c30a0f67d06f500a16a3d7,49.94 ,368.0.0.0.14 (313601251)
https://www.apkmirror.com/apk/facebook-2/facebook/facebook-368-0-0-24-108-release/facebook-368-0-0-24-108-4-android-apk-download/,Facebook 368.0.0.24.108 (arm-v7a) (560-640dpi) (Android 6.0+),Social,"CN=Facebook Corporation, OU=Facebook, O=Facebook Mobile, L=Palo Alto, ST=CA, C=US","
May 26, 2022 ","Meta Platforms, Inc.",https://www.apkmirror.com/apk/facebook-2/facebook/facebook-368-0-0-24-108-release/facebook-368-0-0-24-108-4-android-apk-download/download/?key=7d06f3e52dfb881af7c10add71170a1273124676,"560, 640dpi ",5ace33ba6142897d39a741edfea92dee,"com.facebook.katana_368.0.0.24.108-313613399_minAPI23(armeabi-v7a)(640,560dpi)_apkmirror.com.apk","Min: Android 6.0 (Marshmallow, API 23)Target: Android 11 (API 30)",com.facebook.katana,8a3c4b262d721acd49a4bf97d5213199c86fa2b9,951104c6fa1582665c562b905ac1f8c36e6e2ea0,e3f9e1e0cf99d0e56a055ba65e241b3399f7cea524326b0cdd6ec1327ed0fdc1,da638b6f36a5210adcbbb99e548bb6e70dd3a7260533087944966a0ed25ba971,50.74 ,368.0.0.24.108 (313613399)
https://www.apkmirror.com/apk/facebook-2/facebook/facebook-366-1-0-20-113-release/facebook-366-1-0-20-113-6-android-apk-download/,Facebook 366.1.0.20.113 (arm-v7a) (360-480dpi) (Android 6.0+),Social,"CN=Facebook Corporation, OU=Facebook, O=Facebook Mobile, L=Palo Alto, ST=CA, C=US","
May 14, 2022 ","Meta Platforms, Inc.",https://www.apkmirror.com/apk/facebook-2/facebook/facebook-366-1-0-20-113-release/facebook-366-1-0-20-113-6-android-apk-download/download/?key=e97c9a22c6c20a319fa212b6326dba1f38776215,"360, 400, 420, 480dpi ",93f9091e7ca93ffb8e7e7ff7cc714884,"com.facebook.katana_366.1.0.20.113-313214097_minAPI23(armeabi-v7a)(360,420,400,480dpi)_apkmirror.com.apk","Min: Android 6.0 (Marshmallow, API 23)Target: Android 11 (API 30)",com.facebook.katana,8a3c4b262d721acd49a4bf97d5213199c86fa2b9,4509780a57ae45b40d98373795ad128d2914fa4b,e3f9e1e0cf99d0e56a055ba65e241b3399f7cea524326b0cdd6ec1327ed0fdc1,2d6023045d7120650cd8f75a39f4940069a37433140ad7c4fe77360f7e85ee8c,50.3 ,366.1.0.20.113 (313214097)
https://www.apkmirror.com/apk/facebook-2/facebook/facebook-373-0-0-0-49-release/facebook-373-0-0-0-49-android-apk-download/,Facebook 373.0.0.0.49 alpha (arm64-v8a) (213-240dpi) (Android 10+),Social,"CN=Facebook Corporation, OU=Facebook, O=Facebook Mobile, L=Palo Alto, ST=CA, C=US","
June 19, 2022 ","Meta Platforms, Inc.",https://www.apkmirror.com/apk/facebook-2/facebook/facebook-373-0-0-0-49-release/facebook-373-0-0-0-49-android-apk-download/download/?key=6399d80deb1c59eaa17aa4a1ca0cf55ef067ef3c,"213, 240dpi ",1bdad87c46b573023aa21bc78e155f70,"com.facebook.katana_373.0.0.0.49-314605132_minAPI29(arm64-v8a)(213,240dpi)_apkmirror.com.apk","Min: Android 10 (Q, API 29)Target: Android 12 (API 31)",com.facebook.katana,8a3c4b262d721acd49a4bf97d5213199c86fa2b9,01a39fa62ee89062f07d29d15e7ef1b23dc2b1e2,e3f9e1e0cf99d0e56a055ba65e241b3399f7cea524326b0cdd6ec1327ed0fdc1,308bbaa894f106b7811d898c7fcbbd6223e6695029de1bbf92b02249c59923e0,66.26 ,373.0.0.0.49 (314605132)
https://www.apkmirror.com/apk/facebook-2/facebook/facebook-371-0-0-0-2-release/facebook-371-0-0-0-2-android-apk-download/,Facebook 371.0.0.0.2 alpha (arm-v7a) (560-640dpi) (Android 10+),Social,"CN=Facebook Corporation, OU=Facebook, O=Facebook Mobile, L=Palo Alto, ST=CA, C=US","
June 3, 2022 ","Meta Platforms, Inc.",https://www.apkmirror.com/apk/facebook-2/facebook/facebook-371-0-0-0-2-release/facebook-371-0-0-0-2-android-apk-download/download/?key=77121d88caf9b81db98cea16a805054ecad13f18,"560, 640dpi ",b220d0ac74088b0178d0a3a8a0d963ff,"com.facebook.katana_371.0.0.0.2-314200277_minAPI29(armeabi-v7a)(560,640dpi)_apkmirror.com.apk","Min: Android 10 (Q, API 29)Target: Android 11 (API 30)",com.facebook.katana,8a3c4b262d721acd49a4bf97d5213199c86fa2b9,921bf0a4975f068efca33f1d25fabe723b3a14aa,e3f9e1e0cf99d0e56a055ba65e241b3399f7cea524326b0cdd6ec1327ed0fdc1,b88a58fa803bdd073ba3e18bf40516f295ddcf2648c302a168af7e2b5a534c3e,67.2 ,371.0.0.0.2 (314200277)
https://www.apkmirror.com/apk/facebook-2/facebook/facebook-374-0-0-0-23-release/facebook-374-0-0-0-23-android-apk-download/,Facebook 374.0.0.0.23 alpha (arm64-v8a) (213-240dpi) (Android 10+),Social,"CN=Facebook Corporation, OU=Facebook, O=Facebook Mobile, L=Palo Alto, ST=CA, C=US","
June 25, 2022 ","Meta Platforms, Inc.",https://www.apkmirror.com/apk/facebook-2/facebook/facebook-374-0-0-0-23-release/facebook-374-0-0-0-23-android-apk-download/download/?key=3fe4579fda95ada5b958a918508d12b9b016276a,"213, 240dpi ",3af5897e9ed3558cc3483035e50d93f8,"com.facebook.katana_374.0.0.0.23-314802289_minAPI29(arm64-v8a)(240,213dpi)_apkmirror.com.apk","Min: Android 10 (Q, API 29)Target: Android 12 (API 31)",com.facebook.katana,8a3c4b262d721acd49a4bf97d5213199c86fa2b9,2224e81f77340e3aa76e4fd612745e8fa48706f0,e3f9e1e0cf99d0e56a055ba65e241b3399f7cea524326b0cdd6ec1327ed0fdc1,0ce504a8cce2f48b16687e5aed3ed8238d47bd7ec037930ca6bb60bac6996b63,65.69 ,374.0.0.0.23 (314802289)
https://www.apkmirror.com/apk/facebook-2/facebook/facebook-371-0-0-0-50-release/facebook-371-0-0-0-50-4-android-apk-download/,Facebook 371.0.0.0.50 alpha (arm-v7a) (280-320dpi) (Android 6.0+),Social,"CN=Facebook Corporation, OU=Facebook, O=Facebook Mobile, L=Palo Alto, ST=CA, C=US","
June 8, 2022 ","Meta Platforms, Inc.",https://www.apkmirror.com/apk/facebook-2/facebook/facebook-371-0-0-0-50-release/facebook-371-0-0-0-50-4-android-apk-download/download/?key=0fa76fecba3047f26f9801e5bf13717b80545bd1,"280, 320dpi ",4ac0e947f47fe66d5f7ffe756f90f4db,"com.facebook.katana_371.0.0.0.50-314205270_minAPI23(armeabi-v7a)(320,280dpi)_apkmirror.com.apk","Min: Android 6.0 (Marshmallow, API 23)Target: Android 11 (API 30)",com.facebook.katana,8a3c4b262d721acd49a4bf97d5213199c86fa2b9,fde6a129eca8766e94882a819981c24c27b5027b,e3f9e1e0cf99d0e56a055ba65e241b3399f7cea524326b0cdd6ec1327ed0fdc1,b17cc90b53005d62a58e880f97b4e7e3278ac12dc9f1295a685b869c52cbe644,49.05 ,371.0.0.0.50 (314205270)
https://www.apkmirror.com/apk/facebook-2/facebook/facebook-369-0-0-18-103-release/facebook-369-0-0-18-103-3-android-apk-download/,Facebook 369.0.0.18.103 (arm64-v8a) (nodpi) (Android 10+),Social,"CN=Facebook Corporation, OU=Facebook, O=Facebook Mobile, L=Palo Alto, ST=CA, C=US","
June 3, 2022 ","Meta Platforms, Inc.",https://www.apkmirror.com/apk/facebook-2/facebook/facebook-369-0-0-18-103-release/facebook-369-0-0-18-103-3-android-apk-download/download/?key=be077bf32673630e738d6c9235adba71a423e9f6,nodpi ,060c87cd2a498354e57e304bdc0b53ee,com.facebook.katana_369.0.0.18.103-313811814_minAPI29(arm64-v8a)(nodpi)_apkmirror.com.apk,"Min: Android 10 (Q, API 29)Target: Android 11 (API 30)",com.facebook.katana,8a3c4b262d721acd49a4bf97d5213199c86fa2b9,a13cceb3233af53fcba87d0fe90b02035bdac990,e3f9e1e0cf99d0e56a055ba65e241b3399f7cea524326b0cdd6ec1327ed0fdc1,fd2e210b518c20b4f9af91c2adc2d63dfbda5b33d02bd2365af1d7380b30e668,73.43 ,369.0.0.18.103 (313811814)
https://www.apkmirror.com/apk/facebook-2/facebook/facebook-368-0-0-1-108-release/facebook-368-0-0-1-108-android-apk-download/,Facebook 368.0.0.1.108 beta (arm64-v8a) (560-640dpi) (Android 10+),Social,"CN=Facebook Corporation, OU=Facebook, O=Facebook Mobile, L=Palo Alto, ST=CA, C=US","
May 20, 2022 ","Meta Platforms, Inc.",https://www.apkmirror.com/apk/facebook-2/facebook/facebook-368-0-0-1-108-release/facebook-368-0-0-1-108-android-apk-download/download/?key=074a98c1676cdf6049d7e12673d5872090347927,"560, 640dpi ",a473c8854e696c70a445f15d63da7d70,"com.facebook.katana_368.0.0.1.108-313610395_minAPI29(arm64-v8a)(560,640dpi)_apkmirror.com.apk","Min: Android 10 (Q, API 29)Target: Android 11 (API 30)",com.facebook.katana,8a3c4b262d721acd49a4bf97d5213199c86fa2b9,2b897230acd5584f888bdd49c0e1adbde9af9a5c,e3f9e1e0cf99d0e56a055ba65e241b3399f7cea524326b0cdd6ec1327ed0fdc1,59b756bee5c0429799a70aceca9fec2785e970e1fb161659a632c28b6e65b2fe,82.87 ,368.0.0.1.108 (313610395)
https://www.apkmirror.com/apk/facebook-2/facebook/facebook-372-0-0-0-47-release/facebook-372-0-0-0-47-6-android-apk-download/,Facebook 372.0.0.0.47 alpha (arm-v7a) (280-320dpi) (Android 6.0+),Social,"CN=Facebook Corporation, OU=Facebook, O=Facebook Mobile, L=Palo Alto, ST=CA, C=US","
June 13, 2022 ","Meta Platforms, Inc.",https://www.apkmirror.com/apk/facebook-2/facebook/facebook-372-0-0-0-47-release/facebook-372-0-0-0-47-6-android-apk-download/download/?key=5f7d57df215dec0e27f4a3d35937722dfdda239b,"280, 320dpi ",1699d9cf925fd00889e900fd539c4e95,"com.facebook.katana_372.0.0.0.47-314405187_minAPI23(armeabi-v7a)(320,280dpi)_apkmirror.com.apk","Min: Android 6.0 (Marshmallow, API 23)Target: Android 12 (API 31)",com.facebook.katana,8a3c4b262d721acd49a4bf97d5213199c86fa2b9,61facf0e440144e04ddb4cff2ec32a0a5a123a9d,e3f9e1e0cf99d0e56a055ba65e241b3399f7cea524326b0cdd6ec1327ed0fdc1,8eea61dd2b372876229cfb1c7fbea1f64363ba644bcf032a8bb7a7d1c8692967,49.44 ,372.0.0.0.47 (314405187)
https://www.apkmirror.com/apk/facebook-2/facebook/facebook-369-0-0-0-80-release/facebook-369-0-0-0-80-7-android-apk-download/,Facebook 369.0.0.0.80 alpha (arm-v7a) (213-240dpi) (Android 6.0+),Social,"CN=Facebook Corporation, OU=Facebook, O=Facebook Mobile, L=Palo Alto, ST=CA, C=US","
May 28, 2022 ","Meta Platforms, Inc.",https://www.apkmirror.com/apk/facebook-2/facebook/facebook-369-0-0-0-80-release/facebook-369-0-0-0-80-7-android-apk-download/download/?key=a157afd7ccb9a0825f74a6bb5d3fc0684beec7a1,"213, 240dpi ",ae29b00cd5d22f275af6c001e407e268,"com.facebook.katana_369.0.0.0.80-313807598_minAPI23(armeabi-v7a)(213,240dpi)_apkmirror.com.apk","Min: Android 6.0 (Marshmallow, API 23)Target: Android 11 (API 30)",com.facebook.katana,8a3c4b262d721acd49a4bf97d5213199c86fa2b9,02194ccdea99b850e722f4c1c46bb23295a1d78e,e3f9e1e0cf99d0e56a055ba65e241b3399f7cea524326b0cdd6ec1327ed0fdc1,40148df0c24f74758083ba7301b42e44d300ccc33b55f7c490b0eeba543c7afd,49.51 ,369.0.0.0.80 (313807598)
https://www.apkmirror.com/apk/facebook-2/facebook/facebook-367-2-0-26-107-release/facebook-367-2-0-26-107-8-android-apk-download/,Facebook 367.2.0.26.107 (arm-v7a) (360-480dpi) (Android 6.0+),Social,"CN=Facebook Corporation, OU=Facebook, O=Facebook Mobile, L=Palo Alto, ST=CA, C=US","
May 23, 2022 ","Meta Platforms, Inc.",https://www.apkmirror.com/apk/facebook-2/facebook/facebook-367-2-0-26-107-release/facebook-367-2-0-26-107-8-android-apk-download/download/?key=c5a99cd54dd36f96655603ebc19b5f481b89d6ce,"360, 400, 420, 480dpi ",e640e99d0b418c73c340283fd4b5e0b7,"com.facebook.katana_367.2.0.26.107-313413408_minAPI23(armeabi-v7a)(480,420,360,400dpi)_apkmirror.com.apk","Min: Android 6.0 (Marshmallow, API 23)Target: Android 11 (API 30)",com.facebook.katana,8a3c4b262d721acd49a4bf97d5213199c86fa2b9,1d4442eed7f4226fbcf4381ef41a7791e308c74a,e3f9e1e0cf99d0e56a055ba65e241b3399f7cea524326b0cdd6ec1327ed0fdc1,ffd117a91e9c2c90b258b43558b06d78d30fb6d8f9845db0410879e386321e8e,50.43 ,367.2.0.26.107 (313413408)
https://www.apkmirror.com/apk/facebook-2/facebook/facebook-364-1-0-25-132-release/facebook-364-1-0-25-132-7-android-apk-download/,Facebook 364.1.0.25.132 (arm-v7a) (360-480dpi) (Android 6.0+),Social,"CN=Facebook Corporation, OU=Facebook, O=Facebook Mobile, L=Palo Alto, ST=CA, C=US","
May 2, 2022 ","Meta Platforms, Inc.",https://www.apkmirror.com/apk/facebook-2/facebook/facebook-364-1-0-25-132-release/facebook-364-1-0-25-132-7-android-apk-download/download/?key=b710b4c66f4fff0c58424597bf51107ff77ad5e7,"360, 400, 420, 480dpi ",7d6d0ed922a7ee05c5e252815f650580,"com.facebook.katana_364.1.0.25.132-312816814_minAPI23(armeabi-v7a)(360,400,480,420dpi)_apkmirror.com.apk","Min: Android 6.0 (Marshmallow, API 23)Target: Android 11 (API 30)",com.facebook.katana,8a3c4b262d721acd49a4bf97d5213199c86fa2b9,385218ca2753310e42eff32eb5e5ef7b1005587b,e3f9e1e0cf99d0e56a055ba65e241b3399f7cea524326b0cdd6ec1327ed0fdc1,357e8b32708c17de19c97eedfc554723bb870cef58e94abbff187d67d3d8e112,49.33 ,364.1.0.25.132 (312816814)
https://www.apkmirror.com/apk/facebook-2/facebook/facebook-366-0-0-0-93-release/facebook-366-0-0-0-93-3-android-apk-download/,Facebook 366.0.0.0.93 alpha (arm64-v8a) (213-240dpi) (Android 10+),Social,"CN=Facebook Corporation, OU=Facebook, O=Facebook Mobile, L=Palo Alto, ST=CA, C=US","
May 6, 2022 ","Meta Platforms, Inc.",https://www.apkmirror.com/apk/facebook-2/facebook/facebook-366-0-0-0-93-release/facebook-366-0-0-0-93-3-android-apk-download/download/?key=dd5b055b28bb944c28258a6837f317f7eebeb2bc,"213, 240dpi ",adfdb1dda38de61888350eef1b7a774a,"com.facebook.katana_366.0.0.0.93-313209801_minAPI29(arm64-v8a)(240,213dpi)_apkmirror.com.apk","Min: Android 10 (Q, API 29)Target: Android 11 (API 30)",com.facebook.katana,8a3c4b262d721acd49a4bf97d5213199c86fa2b9,4a28d3ded4d5e2ec3bc01b0b99c5eeb89e5ec332,e3f9e1e0cf99d0e56a055ba65e241b3399f7cea524326b0cdd6ec1327ed0fdc1,34b25478a1703ea835db1a307a6d4146ec1b45a6d8eb5897da41a13cf21267fe,65.47 ,366.0.0.0.93 (313209801)
https://www.apkmirror.com/apk/facebook-2/facebook/facebook-373-0-0-5-112-release/facebook-373-0-0-5-112-2-android-apk-download/,Facebook 373.0.0.5.112 beta (arm-v7a) (560-640dpi) (Android 10+),Social,"CN=Facebook Corporation, OU=Facebook, O=Facebook Mobile, L=Palo Alto, ST=CA, C=US","
June 24, 2022 ","Meta Platforms, Inc.",https://www.apkmirror.com/apk/facebook-2/facebook/facebook-373-0-0-5-112-release/facebook-373-0-0-5-112-2-android-apk-download/download/?key=537af83f52740d6e99a205302623b1dd77b45837,"560, 640dpi ",7dc6ff611cf061e9daee4d39eeeb2c33,"com.facebook.katana_373.0.0.5.112-314611558_minAPI29(armeabi-v7a)(640,560dpi)_apkmirror.com.apk","Min: Android 10 (Q, API 29)Target: Android 11 (API 30)",com.facebook.katana,8a3c4b262d721acd49a4bf97d5213199c86fa2b9,7311278c94fe52ed156170bc449c4392e5cb4bcc,e3f9e1e0cf99d0e56a055ba65e241b3399f7cea524326b0cdd6ec1327ed0fdc1,ba4bb7de0a836b9621203bba6246e23f6bf062eaa58d80ba180a8f4ff317be32,67.64 ,373.0.0.5.112 (314611558)
https://www.apkmirror.com/apk/facebook-2/facebook/facebook-372-0-0-13-107-release/facebook-372-0-0-13-107-android-apk-download/,Facebook 372.0.0.13.107 beta (arm64-v8a) (560-640dpi) (Android 10+),Social,"CN=Facebook Corporation, OU=Facebook, O=Facebook Mobile, L=Palo Alto, ST=CA, C=US","
June 19, 2022 ","Meta Platforms, Inc.",https://www.apkmirror.com/apk/facebook-2/facebook/facebook-372-0-0-13-107-release/facebook-372-0-0-13-107-android-apk-download/download/?key=720712294029e4f1acee29b62f66014034661867,"560, 640dpi ",80bfa2fe38c07e2d1f534bfed7049190,"com.facebook.katana_372.0.0.13.107-314413399_minAPI29(arm64-v8a)(560,640dpi)_apkmirror.com.apk","Min: Android 10 (Q, API 29)Target: Android 11 (API 30)",com.facebook.katana,8a3c4b262d721acd49a4bf97d5213199c86fa2b9,8ee9fa681cd49b9cb1a5271065b133ee4375c3f2,e3f9e1e0cf99d0e56a055ba65e241b3399f7cea524326b0cdd6ec1327ed0fdc1,b56dc20fef791f95c94da666856e9b2cce880b2251bbcbf9b809bef3d63e9615,67.34 ,372.0.0.13.107 (314413399)
https://www.apkmirror.com/apk/facebook-2/facebook/facebook-368-0-0-0-94-release/facebook-368-0-0-0-94-android-apk-download/,Facebook 368.0.0.0.94 alpha (arm-v7a) (280-320dpi) (Android 10+),Social,"CN=Facebook Corporation, OU=Facebook, O=Facebook Mobile, L=Palo Alto, ST=CA, C=US","
May 23, 2022 ","Meta Platforms, Inc.",https://www.apkmirror.com/apk/facebook-2/facebook/facebook-368-0-0-0-94-release/facebook-368-0-0-0-94-android-apk-download/download/?key=43a62f0537e0bb972f0b22061703776bbbd0f3c6,"280, 320dpi ",6d0226f2f748085e3bf6998c737afa8f,"com.facebook.katana_368.0.0.0.94-313802359_minAPI29(armeabi-v7a)(280,320dpi)_apkmirror.com.apk","Min: Android 10 (Q, API 29)Target: Android 11 (API 30)",com.facebook.katana,8a3c4b262d721acd49a4bf97d5213199c86fa2b9,069fea0bd00aecf0e57605b3f6e072e274841d6e,e3f9e1e0cf99d0e56a055ba65e241b3399f7cea524326b0cdd6ec1327ed0fdc1,b23bb6637c10f6b929b0b2e37acefeb57ec4f2e31e895aaf2e461f0a810aa58c,83.05 ,368.0.0.0.94 (313802359)
https://www.apkmirror.com/apk/facebook-2/facebook/facebook-371-0-0-6-109-release/facebook-371-0-0-6-109-2-android-apk-download/,Facebook 371.0.0.6.109 beta (arm64-v8a) (560-640dpi) (Android 10+),Social,"CN=Facebook Corporation, OU=Facebook, O=Facebook Mobile, L=Palo Alto, ST=CA, C=US","
June 11, 2022 ","Meta Platforms, Inc.",https://www.apkmirror.com/apk/facebook-2/facebook/facebook-371-0-0-6-109-release/facebook-371-0-0-6-109-2-android-apk-download/download/?key=7cc45aa4ae33448571aadcf01ca754dd3833a7ce,"560, 640dpi ",62c28dbd83c317968cd4a549f4ccf16b,"com.facebook.katana_371.0.0.6.109-314212012_minAPI29(arm64-v8a)(560,640dpi)_apkmirror.com.apk","Min: Android 10 (Q, API 29)Target: Android 11 (API 30)",com.facebook.katana,8a3c4b262d721acd49a4bf97d5213199c86fa2b9,c3948743d0aeeb3857af4e347c4d152ffa86dd02,e3f9e1e0cf99d0e56a055ba65e241b3399f7cea524326b0cdd6ec1327ed0fdc1,6b9a32ac6ee13552d5085c86ea1fa37d9c6ad65a46e9f5608d0587991ffae13a,67.4 ,371.0.0.6.109 (314212012)
https://www.apkmirror.com/apk/facebook-2/facebook/facebook-376-0-0-0-19-release/facebook-376-0-0-0-19-android-apk-download/,Facebook 376.0.0.0.19 alpha (arm-v7a) (280-320dpi) (Android 6.0+),Social,"CN=Facebook Corporation, OU=Facebook, O=Facebook Mobile, L=Palo Alto, ST=CA, C=US","
July 8, 2022 ","Meta Platforms, Inc.",https://www.apkmirror.com/apk/facebook-2/facebook/facebook-376-0-0-0-19-release/facebook-376-0-0-0-19-android-apk-download/download/?key=7640ce6a5f21c9ba4c9d46f440e1010d35e9bcd8,"280, 320dpi ",386b941ea8acccaf000cf1f43d77d150,"com.facebook.katana_376.0.0.0.19-315202060_minAPI23(armeabi-v7a)(320,280dpi)_apkmirror.com.apk","Min: Android 6.0 (Marshmallow, API 23)Target: Android 12 (API 31)",com.facebook.katana,8a3c4b262d721acd49a4bf97d5213199c86fa2b9,de3fd756122601e74daae8426bd0b4bcf991d449,e3f9e1e0cf99d0e56a055ba65e241b3399f7cea524326b0cdd6ec1327ed0fdc1,4643110f406370b5407355873c97bb72b9ab5d59fc47108f4fb3c4a1ee54409d,49.39 ,376.0.0.0.19 (315202060)
